Genome	SRR24442552 Mean	SRR24442553 Mean	SRR24442554 Mean	SRR24442555 Mean	SRR24442556 Mean	SRR24442557 Mean	SRR24442558 Mean	SRR24442559 Mean
1_bin.1	2.1099532	13.1867695	16.288649	28.565735	19.577148	3.2587955	4.376042	126.35088
1_bin.4	3.5958874	18.90558	13.150217	26.187607	19.571287	1.7890257	1.3316075	27.195984
1_bin.6	0	0.8656971	1.2629263	2.789333	1.7191911	0.8892204	0.648234	5.788948
1_bin.9	0.51370776	1.4207395	0.5262383	2.0385313	0.63220775	1.8007764	3.7187936	28.292223
1_bin.12	0	0	0.3315741	0	0	0	0	10.725225
1_bin.13	5.5234685	24.937006	27.526167	48.831608	19.483404	3.8341396	3.180029	12.335312
1_bin.17	10.420873	18.45887	97.69782	0.78564596	5.069418	45.88279	16.621956	11.282097
1_bin.18	0	0	0	69.75635	0	0.40973645	29.82525	15.468124
1_bin.20	0	1.6183907	2.3457954	4.424926	2.3333936	0.7811085	1.2850132	49.460773
1_bin.22	1.0726454	3.2381852	0.23062593	0.6575772	14.715021	0.18519166	22.585846	202.49326
1_bin.24	0.27194905	0.60302925	1.3474289	39.927876	2.9268017	1.8800746	18.587566	43.898884
1_bin.25	0	0	0	0	0	0	0.6215572	8.332338
1_bin.26	0.8383186	1.7564179	3.254155	7.3834825	3.8223584	1.1727589	1.6470084	7.415892
1_bin.30	13.494945	0	0	0	0	0.19084	0.21305962	225.14409
1_bin.32	0.43057016	1.4209781	4.565407	33.606785	8.95603	1.3481333	0.98688436	162.52507
1_bin.38	0.372978	4.053805	0.21027255	0	45.287327	0	1.6173989	30.356775
1_bin.40	0.57767594	0	0	0	0	0	0.21741714	195.06653
1_bin.43	0	0	0.3069578	6.182571	0	0	0.74702835	21.41592
1_bin.44	0	0.35053954	1.2938538	0.7276149	1.326254	2.3049753	5.211252	3.5620618
2_bin.2	0	4.242813	0	0.34264907	0	0	8.703357	0
2_bin.3	0	0	0	0	0	0.67950124	25.775229	0
2_bin.4	0	0	0	0	0	0.8954264	17.264875	0
2_bin.9	3.5604463	1.903678	0	0	0	1.6825155	33.08239	0.23482244
2_bin.10	0	0	0	0	1.9853556	5.6087832	2.899038	0.4344779
2_bin.11	0	0	0	0	0	5.59081	7.60373	0
2_bin.14	0	0	0	16.760664	2.899313	1.9821404	53.857872	37.06483
2_bin.15	0	0	0.74976164	0	0.29401344	0	69.79178	3.3395348
2_bin.16	0	0	0	0	0	0	15.37648	0
2_bin.17	0	0.49588054	0	0	0	0	12.980848	1.372844
2_bin.18	3.1616542	0.90348715	3.642517	0	0.41243583	0.9420717	19.20557	15.099849
2_bin.22	0	0	0.28452215	0	0.6980214	11.773514	19.429604	1.425519
2_bin.23	0	0	0	0	0	0	18.74331	73.20869
2_bin.24	0	0	0	0	0.25900462	5.2360644	8.365889	0
2_bin.25	0	0	0	0	0	0	7.0622644	0.7222544
2_bin.27	1.1569964	8.2789545	16.42243	1.7700533	17.36748	22.774841	12.385216	3.512479
2_bin.28	3.7972329	5.7428713	116.24252	64.99225	0	0.53427804	46.7956	226.863
2_bin.29	0	0.2571559	0.7060193	0	0	27.276087	41.54156	0
2_bin.31	0	0.3216825	2.1372287	0.7776531	0.7458808	7.0742297	19.853817	4.2624054
2_bin.33	0	0	0.23214453	0	0	0	10.89198	39.962986
2_bin.35	1.0503958	0.7511649	1.1315607	0.2823862	0.48156348	0	13.639435	37.024868
2_bin.36	1.6014782	0.89189184	0.3859784	0.15056133	3.0265381	18.402517	9.48062	0.8378356
2_bin.37	0	0.5897757	0.5023425	0	1.9193165	8.14868	10.972895	0.9827714
2_bin.40	0.14053494	0.51419735	0	0	0.17396112	0.43329865	6.414309	0.17085184
2_bin.42	2.1547065	1.0160527	0.73048586	2.337347	10.0518	3.499471	425.2871	9.059423
2_bin.43	0	0	0	0	0	0	8.238292	0.1491023
2_bin.46	0	0	0	0	0.564165	0.52332735	73.835396	0.23675239
2_bin.47	0	0	0	0	0	0	5.266737	0.47361693
2_bin.48	1.0416993	2.253978	9.174669	1.2832155	4.438288	22.12266	30.010023	2.333549
2_bin.50	0	0.14113204	4.264286	0	0.23626113	11.520445	18.16455	5.5765963
2_bin.52	1.1202546	0.36507857	0.7579828	0.27359822	1.6159942	52.236458	10.450469	0.46574134
2_bin.53	0	0	0.6032768	2.473816	9.377875	23.733847	20.80125	5.2873588
2_bin.56	0	0	0	0	0	0	7.44055	0
2_bin.59	0	3.2846937	1.3460004	2.5847666	0	0.4865124	7.7818346	2.0956383
2_bin.60	0.44663948	3.1737084	13.396111	12.31189	50.907047	28.415405	17.33943	12.214733
3_bin.2	0	0.6958956	3.7381263	0	0.31418628	8.951636	0.15628806	0
3_bin.6	1.6621188	1.7126454	2.9599266	1.0106828	1.2424835	12.332879	2.3522782	0.5842111
3_bin.7	1.8560708	2.8839362	10.067265	3.5658455	25.160334	454.75888	42.97955	2.3684974
3_bin.12	0	0	0	0	0.21266022	73.86331	0	0
3_bin.16	1.1137445	0.55659056	1.7249943	0	2.4701874	22.237694	1.4503877	0
3_bin.19	0	0	0	0	0	38.672905	0	0
3_bin.21	0.23291017	0.37807658	5.8260345	13.964655	38.172825	61.81631	0.28826818	0
3_bin.24	9.14982	26.104694	68.60258	7.9791045	9.556807	10.012604	0.19275722	0
3_bin.26	0.13809302	2.2553046	8.022534	5.927377	6.4599276	7.3750873	0	0
3_bin.27	0	0.41179195	0	0	0.41626555	7.6316423	0.47310016	0.38288966
3_bin.30	0	0	0	0.23238108	3.219579	10.028676	0.49719146	0
3_bin.31	0	0.27838868	5.544588	0.24192089	1.1870438	33.953987	3.7481108	0.24917057
3_bin.33	0.52122027	0.65652055	0.90702623	0	1.5259403	3.6600811	1.7573295	1.6478331
3_bin.35	6.9125166	9.352452	62.0321	6.014735	6.260057	32.77563	1.5505259	0
3_bin.36	0.48697197	1.5592823	4.6717453	4.5938997	21.882015	51.44917	6.82585	7.6069837
3_bin.39	0	0	0	1.6619428	0	48.670128	3.268176	0
3_bin.40	0	0	0	0	0.39804938	10.513508	0.37042776	0
3_bin.46	0.7364577	4.307529	12.929946	2.461469	8.238198	35.066216	5.638477	1.1587116
3_bin.47	0.16096063	0.17506906	0.21343774	0	0	6.1766896	0	0
3_bin.48	0	0	0	0	0.35451138	7.44984	0.7362007	0
3_bin.56	0	0	0.42633295	0	0	18.309736	0	0
3_bin.61	4.102713	0.7538669	0.6106817	0	1.2168626	12.136393	3.1930857	0.20817994
3_bin.63	3.9557552	3.8965232	2.9059186	0.54321945	4.3629727	15.631755	4.8706837	0.5977237
3_bin.64	1.5477257	2.8507	8.575124	0.7259631	0.9827707	30.270014	6.858737	0.72674733
3_bin.68	0	0	0.27682188	0	0.23635238	8.086541	0.21509764	0
3_bin.69	0	0	0	0	0.6787332	8.241698	1.526869	0.15332864
3_bin.74	0.48008102	0.8433152	0.56632113	0.4056693	0.51344514	23.951406	1.0775939	0
3_bin.78	0	0	0	0	0	9.154722	0	0
3_bin.80	0	0	0	0	0	6.5249963	0.62663287	0
3_bin.83	0.7875802	1.924158	3.9267426	0.75717866	1.2533752	6.7358313	0.54432344	0
3_bin.84	0	0	0	0	0	10.386666	2.1174967	0
3_bin.86	0.66059566	2.2348237	5.625814	7.551853	10.198984	9.86286	3.5379975	6.046493
3_bin.88	0	15.730081	0	0.33088273	9.7701845	25.86429	9.812891	0.4059664
3_bin.89	0	0	5.1363487	0	0	7.670069	0	0
3_bin.90	0	0	0	0	0	7.0020933	0	0
3_bin.91	0	0.40877035	1.2116266	0	0.81193584	19.769417	7.875719	0
3_bin.92	38.273083	7.868513	1.88314	1.3626776	5.3118525	8.747295	0.31969896	0
3_bin.93	0.1349169	0	0	0.20619282	0.8434255	12.729552	0.7605672	0
3_bin.96	0.32194415	0	0	0.31087345	0	19.477684	2.4761636	0
3_bin.101	0.4332197	0	0.18384546	0	1.8351879	11.028037	0.9900571	0
3_bin.102	0	0	1.3489435	0	6.4180717	7.398967	0.4987179	0.17982902
3_bin.104	1.0990154	5.8276396	5.1191792	0.57839966	1.8152868	15.21779	0.5151636	0
3_bin.108	0	0	0.2528993	0.25103265	0.44125092	5.2053375	1.0436543	0
4_bin.7	2.5806894	8.683873	9.283527	1.7532703	12.877178	50.69564	10.709435	0.7652825
4_bin.8	1.9179578	2.3747916	2.480198	15.422416	39.736996	5.243046	2.3012857	0
4_bin.9	0.36289713	0.8634246	4.4072094	1.3749841	27.746445	1.1328622	0.36229268	0.532171
4_bin.15	0.21645658	0.3701496	1.0166905	0.5121445	21.800093	0.64920133	0.62247795	0.35606703
4_bin.16	0.959263	2.6152797	0.7824251	5.1229506	127.52013	24.50707	10.151682	16.505713
4_bin.22	0	0.1882918	1.3674376	0	9.931543	5.1371684	0	0
4_bin.23	0	0	0	0.42308736	7.4134526	0	0	0
4_bin.24	0	0	0	0.44519565	6.7539263	0	0.15351865	0
4_bin.26	0	0.23772675	0.3605955	0	7.6130815	0	0	0.869703
4_bin.29	0	0	1.3425678	1.1556985	16.845587	19.685787	2.774633	0.93058336
4_bin.30	0	0	0.21518058	0.21631618	34.490906	0	0	0
4_bin.36	2.7216177	11.317956	10.536016	15.507819	44.367744	2.7135043	1.3897752	14.611162
4_bin.38	0	0	0	0	7.4521656	0	0	0
4_bin.40	0.71369034	0	2.6984115	9.163257	49.085285	0	0.31580526	8.378566
4_bin.41	0.71352905	1.3286378	2.988604	1.9679962	54.326027	2.5242915	2.461523	3.0111475
4_bin.49	1.4439367	2.0205948	4.038322	7.0706663	53.74516	1.0086197	0.5923403	2.409148
4_bin.51	0	0	0	0	7.525819	0	0	0
4_bin.52	0	0	0	0	7.0236526	0	0	0
4_bin.55	0	0	0	0	6.1616745	0	0	0
5_bin.2	2.7959754	8.562764	16.307331	355.9827	77.77011	1.3663803	3.0970387	14.627311
5_bin.3	0	0.36400214	0.17351249	56.218044	0	0	0	0
5_bin.6	6.3589935	0.8930952	2.948863	22.209494	17.879322	0.6094724	0.27732834	1.991775
5_bin.8	0	0	0	11.918182	0	0	0	0
5_bin.9	3.0233066	21.423937	25.981379	135.96149	26.377304	2.6423805	1.4631195	23.380363
5_bin.11	1.7676344	0.77125764	3.3889837	9.602214	0.14848736	1.5139049	0.19695368	0
5_bin.18	0	0	0.21697207	5.710789	0	0.2681999	0.70930815	0
5_bin.19	0	0	0	81.704834	0	0	0	0
5_bin.20	0.1693066	7.342113	53.3316	6.5100737	0.83357555	1.134441	0.27825516	0
5_bin.25	0	0.53462243	0	15.95908	0.78187037	0	1.113712	0.16446641
5_bin.26	0	0	0	26.513592	0	0	0.53340095	0
5_bin.31	0	0	0	45.44612	0	0	7.2774334	4.831087
5_bin.32	0	0	0	34.742462	0	2.4354706	9.218916	5.467884
5_bin.34	0.14373685	0.18488725	0.18296972	11.648585	0	0	0	0
5_bin.36	0.123359226	0	0	63.901917	0.8044512	0	0	0
5_bin.37	0.72771513	0.74731016	1.2650174	6.4686875	0.32752982	1.0096895	0	0
5_bin.38	0	0	0.2922817	36.240654	1.7504845	0.2556191	0	2.7563746
5_bin.43	1.012109	1.7135231	0.83417964	6.31909	0	0.19603576	0.7811066	0
5_bin.44	0	0	0.22888637	27.388676	0	0.3160932	2.6363223	0.39114618
5_bin.45	0	0	1.1500716	14.111771	0	0	0	0
5_bin.50	0	0	0	5.016336	0	0	0	0
5_bin.51	3.310507	30.722803	0	17.453304	0.99807394	0	0	0
5_bin.52	0	0	0.16861048	16.55722	6.1783476	0.19071943	0	0
5_bin.53	0	0.14947517	0.35738277	5.6032186	2.935778	0	0	0
5_bin.57	0	0	0	4.5328445	0	0	0	0
6_bin.1	1.4163684	2.7889326	13.512552	1.5494325	2.1490707	0.5338152	0	0
6_bin.2	1.2699051	1.4613067	20.803984	0	0	0	0	0
6_bin.13	2.6347477	11.00918	11.781973	51.027733	0.20615108	1.7047037	0.22903344	0
6_bin.15	4.4112887	2.0614874	14.216553	0.28015417	2.757985	0	0	0.30373445
6_bin.19	0	1.6840761	28.988451	3.1790857	21.332558	17.974638	2.774275	1.4697328
6_bin.20	0	0.3012619	30.10874	0	0	0	0	0
6_bin.22	0	0	8.177646	0	0	0	0	0
6_bin.23	0	0.5547458	7.778649	0	0	0	0	0
6_bin.24	1.0378855	1.8020772	15.36441	0	0	8.287473	9.217982	1.3472872
6_bin.25	3.5849676	9.576706	59.013767	11.134142	11.189277	34.431293	1.1067084	0
6_bin.26	0.85907096	1.37846	16.742857	0.27619347	0.3085976	2.3202195	0.32519653	0
6_bin.28	0.28160673	1.0362902	17.896353	0.9947393	1.0664581	20.963036	4.016142	1.4229622
6_bin.29	0.54171574	2.9183838	10.485959	0.2928988	0.58044124	2.1324944	0.8519325	0
6_bin.30	0	0.2043647	16.84047	3.054193	0.65980417	0	0	3.3730578
6_bin.31	3.4754949	7.550612	33.079872	5.710454	5.593966	2.6414738	0.932219	3.0797663
6_bin.32	0	0	10.421523	0.12897208	0	0	0	0
6_bin.34	2.5596547	5.9025273	52.279484	22.350536	15.42144	1.3333483	1.3302398	3.1634254
6_bin.35	0.47441992	0.40552738	7.454497	0.7619907	0.6482205	0.91230524	0.32907483	0
6_bin.42	3.7143695	0.6426294	9.408958	1.5185962	0	0.58383226	0	0
6_bin.43	9.621297	29.4205	37.679436	57.417416	27.475685	3.525797	3.338452	9.775686
6_bin.45	0	2.5549605	18.801641	1.9981289	1.0093354	3.208908	0.6669235	1.0410656
6_bin.47	0	0	9.406046	0.14527926	0	2.5478263	2.715476	1.0781758
6_bin.52	0	0.3236068	12.912108	0.3867086	0	0	0	0
6_bin.54	2.2550075	0.7458835	6.811631	1.1833608	1.3323945	0.5130017	0.23290285	0.26132116
6_bin.59	1.4647044	6.577031	48.83765	98.209915	2.5498683	0	0	0
6_bin.62	0.38459173	0	7.064831	0.26936743	0	0	0.5086325	0
6_bin.64	0.3502056	8.8700075	9.799159	3.8085408	2.8811007	3.7872658	0.7339009	0.3941699
6_bin.65	0.7364316	4.1303735	13.039249	0	0.45270237	0	0	0
6_bin.70	0.14437267	0	7.6379457	0	0	0	0	0
6_bin.72	0	1.2354047	5.856089	0	0	0	0	0
6_bin.75	0.60320705	2.7877796	5.0778575	0.7848662	0.8767298	3.0727427	0.2652445	0
6_bin.76	0.16838121	0.36265734	2.4434643	4.305677	0.63995516	10.142623	2.1712315	0.13507624
6_bin.77	0.52871466	0.36400035	2.650391	3.1194296	15.432476	0.65806687	0.41781875	2.81272
7_bin.1	35.974323	335.48306	0.6148316	0	2.05984	1.9110956	9.913716	56.38885
7_bin.3	0.39937985	17.383904	0	0	0	0	0	0
7_bin.4	0	12.92313	0.14073573	0.13360302	0	0	0	0
7_bin.5	0	4.857627	0	0	0	0	0	0
7_bin.6	1.5720315	8.833291	5.9754305	0.27708226	0.2794834	1.7025236	0	0
7_bin.7	0.1361374	4.656114	2.1321034	2.4953868	0	0.44318363	1.8395094	0.55206484
7_bin.9	6.4309263	20.111803	38.420208	3.6258733	9.89237	42.507465	3.1670988	0
7_bin.11	2.436767	9.676284	0.59507614	0	0	0	0	0
7_bin.12	0	9.175033	0	0	0	0	0	0
7_bin.17	0.5331889	6.7178006	0	0	0	0	0	0
7_bin.18	3.308704	16.382107	2.9588542	0.18090974	2.1833348	3.7920473	1.416764	0.3004727
7_bin.19	0.9382395	17.256598	25.024786	0	0	0	0	0
7_bin.20	0	8.048267	0	0.4788357	2.7596958	22.586916	1.0703071	1.1181756
7_bin.27	0	14.011977	0.50544655	7.9272056	2.077353	0.61100745	0.2756256	0.28875336
7_bin.31	0	16.930387	26.648823	0	1.7744462	0.3503051	0.22690842	0
7_bin.32	0	16.883604	2.3735504	1.4586644	0	0	0	0
7_bin.33	0	17.025528	0	0	0	0	0	0
7_bin.36	0	14.971868	0	0	0	0	0	0
7_bin.39	0.18145826	41.856384	3.903453	0.16094439	0	0	0.2525724	0
7_bin.40	0	8.809968	2.6956766	0	2.4022381	5.526019	6.1993494	1.4762362
7_bin.41	0	6.2025514	0	0	0	0	0	0
7_bin.42	6.488748	16.062487	39.868385	4.3743086	5.9096565	14.678733	5.0319753	0.4154869
7_bin.47	1.9652255	5.974335	1.7050184	1.5622201	1.1737187	1.8054782	0.6246399	0.1905096
7_bin.48	0.24723257	43.780163	0	0	0	0	0	0
7_bin.49	0	6.0164332	0	0	0	0	0	0
7_bin.50	0	6.094656	0.4125705	0	0	0	0	0
7_bin.51	0	288.89114	1.4343785	0.123970635	0	3.8922057	0	0
7_bin.52	0	6.268646	0	0	0	0	0	0
7_bin.54	3.4798956	14.640932	5.113817	24.185928	0.40434876	0.6727016	0	0
7_bin.55	2.4526417	26.584448	0	0	0	0	0	0
7_bin.57	0	12.129022	0	0	0	0.14499693	0	0
7_bin.58	1.8451377	11.878035	7.415224	0.28942597	0.5136328	1.1750878	13.673198	11.94452
7_bin.61	2.5750148	2.2551267	1.1680415	0.52434766	0	0.50409746	0.18964629	0
7_bin.63	0	4.8856635	0	0	0	0	0	0
7_bin.65	1.6472731	14.426371	25.707666	4.0123262	13.849688	22.02071	3.0452626	0.29768533
7_bin.67	0	17.061728	18.93888	0.59475386	40.628166	0.14518356	1.853829	12.374121
7_bin.72	5.922948	7.891186	7.2446103	0	2.1355968	273.21533	666.093	7.3092337
7_bin.73	4.7042794	19.394451	41.501827	11.870766	18.261051	32.765865	4.416973	13.603959
7_bin.75	3.4880245	14.988127	2.635972	0	0	0.774056	0	0
7_bin.78	0	5.522463	0	0	0	0	0	0
7_bin.79	5.7916503	12.426223	49.609333	9.861194	43.134678	171.81168	11.7201185	0.90520406
7_bin.80	0	6.8543105	0.3965831	0	0	0.6660754	0.23355253	0
7_bin.81	0.883789	41.122044	24.190838	0	0.59099674	0	0.17822759	0
7_bin.82	0.3173324	34.159714	24.16152	2.3550553	150.6262	4.598455	2.15626	3.8491232
7_bin.84	7.956949	7.048947	0	0	0	0.20887797	0	0
7_bin.87	0.21674517	4.280639	0.20909794	0	0	0	0	0
8_bin.1	15.10066	3.4549782	1.6579328	0	0.32679546	2.2407594	0.2494059	0
8_bin.3	8.832076	0.21293531	0.49006665	0	0	0.24391527	0	0
8_bin.5	17.119043	0	0.18358898	0.11930828	0	2.8331368	0	0
8_bin.6	7.632062	0.76220345	3.1251016	0	0.15211275	0.7068106	0.66160184	0
8_bin.8	15.895803	1.6733124	0.4628278	0	0	0	0	0
8_bin.10	6.38944	1.3147128	0.16618522	0	0.4179809	1.0744748	0.24648884	0
8_bin.12	11.5124035	0.58761615	0	0	0	0	0	0
8_bin.13	4.760052	0	0	0	0	0	0	0
8_bin.14	9.323338	0	0	0	0	0	0	0
8_bin.16	7.5634155	0	0	0	0	0	0	0
8_bin.18	16.721684	1.2510763	0.74191576	0.14979355	0	0.27189237	0	0
8_bin.20	10.804367	9.092353	2.166933	10.471517	0.83478403	0	0	0
8_bin.21	8.17929	0.16484442	0	0	0	0	0	0
8_bin.22	11.372288	0	0.23638658	0	0	0.5100788	0	0
8_bin.23	15.073774	2.5080543	1.5046582	0	0.48888144	3.052381	1.1417825	0
8_bin.24	21.824677	0.47765705	0.25728306	0	0	0.40180472	0	0
8_bin.25	10.75295	1.6273546	0	0	0.301843	7.591324	8.265782	0
8_bin.26	25.812082	0.18814991	0.29887906	0	0.18005106	6.3612337	0.9236828	0
8_bin.28	22.433226	0	0	0	0	0	0	0
8_bin.31	9.714388	0	0	0	0	0	0	0
8_bin.32	4.737339	0.81057996	0	0	0	0.22122474	0.40932366	0
8_bin.33	7.14551	3.1770349	0.5570393	4.176655	69.05114	0.64561975	0.9034456	53.080585
8_bin.35	17.713469	0.64663625	0.9065711	0	0.31486523	2.626001	1.718259	0.4110418
8_bin.40	6.2142334	0	0	0	0	0	0	0
8_bin.41	11.924675	0	0	0	0	0	0	0
8_bin.42	30.461466	0	0	0	0	0.30538478	0	0
8_bin.44	30.171722	19.50272	0	4.3193417	0	0	0	0
8_bin.45	87.779015	0	0	0.66506314	0	0	0	0
8_bin.52	8.8438425	0.81962335	0	0	0	0	0	0
8_bin.54	10.418359	0.20050728	0	0	0	0	0	0
8_bin.55	10.414489	18.809042	2.5803	0	0	0.5047484	0	0
8_bin.56	10.520273	4.037541	2.194553	0	0.5414323	2.533204	0.21905729	0
8_bin.59	14.93401	2.2880554	0	0	0	0	0	0
8_bin.62	8.211906	0	0	0	0	0	0	0
8_bin.68	9.505193	0.6077858	0.79249686	0	0.20376183	1.0025266	0	0
8_bin.70	421.20892	0.7892059	0	0	0	0	0.13828313	0
8_bin.71	72.91347	0.21182352	0.5581323	1.6747013	4.397619	5.490954	46.77377	0
8_bin.73	11.79176	0	0	0	0	0	0	0
8_bin.76	17.604008	9.047605	7.463893	2.2845483	2.699543	2.5700338	0.61273813	1.3329291
8_bin.77	57.719227	0.20922022	0	0	0	0	0	0
8_bin.80	5.1141033	0.63107365	0	0	0.24036896	1.6829351	0.7997514	0
8_bin.82	5.1858435	0	0.28039244	0	0	0	0	0
8_bin.85	4.974696	0	0.26917517	0	0	0	0	0
Co_bin.2	0.23146424	1.043235	0.8694237	0	0.4421872	4.7489333	0.30756447	0
Co_bin.5	15.012551	0.756748	0.93581057	0.5183608	0.30540136	0.95447654	0.31274694	0.5818778
Co_bin.7	0	0.2837515	0.24660034	0	0.3417103	3.109981	5.2933846	0.47159788
Co_bin.8	0.22301316	4.4301286	3.143544	0.91443217	0.27682927	0	0	0
Co_bin.10	0.30975866	0.14927709	0.55452025	0	0	5.1796904	4.1989822	0.42047697
Co_bin.11	0.34061536	0.21106747	2.6723387	0	2.266516	2.7933633	1.7511024	0
Co_bin.12	1.9439396	1.3170155	1.0950882	0	0	5.322855	1.6078641	0
Co_bin.14	0.4351811	2.7666485	4.72453	1.0310855	3.67449	3.3648286	2.2394152	1.2108124
Co_bin.16	0	0	3.7663262	0.96143454	0	0	0.5162018	0
Co_bin.17	0	0	0.31089136	8.415111	1.0414892	1.2179304	0	0
Co_bin.19	1.0138413	0.8393043	1.152531	0.20692597	0.41026226	3.6319919	0.4125432	0
Co_bin.20	2.2977414	0	0.18829489	0.30379623	4.8434196	1.2829987	0	0
Co_bin.21	2.290067	1.2623862	3.6554203	0.13726033	0	0.5986024	0	0
Co_bin.25	0	0	0.395284	0	1.6920859	4.668811	6.54577	5.0194654
Co_bin.33	2.3178403	5.0560174	9.076943	2.4870162	5.230197	2.2366602	0.6667062	0.9068634
Co_bin.34	0	0	0	0	0	0	6.5735173	1.0742947
Co_bin.39	0.38362193	3.1362062	3.804276	0.14598034	0	0.26124594	0	0
Co_bin.40	0.20014258	0	0	0.4157881	1.3156239	6.288285	0.30344352	0
Co_bin.41	0.46661732	0.18603499	4.0892067	0	0	0	5.2800283	2.5778937
Co_bin.42	4.9354677	2.0694764	0.19743943	0	0	0.64516336	0	0
Co_bin.43	1.2134969	5.1022406	7.008593	0	0.45065138	2.3194063	0	0
Co_bin.45	0.64286	19.648361	15.136823	13.977228	4.5351005	0.9720139	8.307813	258.3088
Co_bin.46	0.77745765	1.4679755	1.2837868	0.42478585	1.3443434	9.277828	2.0309837	0
Co_bin.47	0	0.28157493	0.2139118	0	0	95.30051	23.368963	0
Co_bin.48	1.5674081	0	0.43197408	0	0	0	0	6.3928227
Co_bin.49	0	23.647161	0	0	0	0	0	0
Co_bin.53	3.656312	4.3862634	4.6146398	3.3787284	1.4676546	4.029574	0.9303681	0.21027955
Co_bin.55	2.2246888	1.3924701	4.547985	0.22088084	0.25637496	7.631795	2.4152822	0.19615768
Co_bin.56	0	5.3145204	3.8530242	0	0	0	0	0
Co_bin.58	0	0	0	0	4.3382993	12.357608	3.4735615	0
Co_bin.59	0.978856	2.94375	1.7901081	0	0	0.41997376	0	0
Co_bin.60	2.093629	17.939228	5.2600737	53.08308	3.518495	0.71330667	0	0
Co_bin.61	0	0.43515483	0.41989014	1.7203285	0.51537406	20.331867	0	0
Co_bin.63	0	0	4.90447	2.8133254	1.7182205	0.31379265	0	0
Co_bin.66	6.235767	6.862017	6.3752513	1.1339777	0.77321625	1.7861326	0	0
Co_bin.74	1.8888706	2.2714143	2.540632	0.16780958	9.626008	0.49967992	0	0
Co_bin.76	0.6199875	0.20660464	0.2582002	0	0.19126238	5.8704777	9.199765	0
Co_bin.78	0	0.1455212	3.0998418	0.13705973	1.7102838	0.89187825	1.0832912	0.44369853
Co_bin.81	0	0	0.67428476	0.90545356	6.356989	3.0847945	2.3698766	0.46113446
Co_bin.84	0	0	0	0	0	1.7215204	4.1472936	7.2564254
Co_bin.88	0	0.4381412	0.89668983	0.680752	11.049957	0.62942535	0.34165093	1.3623956
Co_bin.90	4.264495	12.672905	0.2409765	0	0	0	0	0
Co_bin.93	0.40616754	4.685324	0.8214205	0.17936294	1.1422774	1.8979293	0.19110471	0
Co_bin.94	1.4922657	2.4178073	11.746236	0.13927007	0.63432485	1.6896148	0.2949503	0
Co_bin.99	0.34257782	0.79705805	2.4745743	1.607326	1.4435065	4.169566	1.1601931	0.61308765
Co_bin.102	0	0	0	0	77.84583	1.621802	0.32878223	0.70623684
Co_bin.103	0	0.15563211	0.52655685	0	0.4423007	15.005026	4.39979	0
Co_bin.106	0.45802525	0.5817924	1.3663584	1.5128697	1.3928101	7.0646586	1.0084137	0
Co_bin.109	0.5404609	6.9700027	0.71775436	0	0	0	0	0
Co_bin.110	5.5636764	0.53064036	0	0	0	0	0	0
Co_bin.111	0	3.0886602	5.292045	0.9109154	9.744377	0.5687423	0.40186957	0.4666739
Co_bin.113	0.98919374	4.7117505	0.35853213	0.34274372	2.950545	1.5335574	0	0
Co_bin.119	0	1.8175235	4.247124	1.2509025	0	0	0	0
Co_bin.122	5.2721033	1.9741235	1.7231594	0.21839695	0	0.34062418	0	0
Co_bin.124	1.0247564	0.805152	0.8331512	0	0.22917922	3.463035	0.2095301	0
Co_bin.128	7.2673454	2.6728418	2.0108898	0	0.34896109	2.916949	0.16432993	0
Co_bin.129	0	1.5751082	6.4877305	0.36021554	0.20922717	1.4198998	0	0
Co_bin.134	0.21018086	2.23088	5.0442166	0.49819642	8.604889	31.885977	10.713585	1.8674029
Co_bin.135	3.4431937	0.30340183	4.329785	0.54284203	1.4523603	0	0	0
Co_bin.136	0	6.3531322	8.030814	0	1.046992	1.9522728	5.3172894	0
Co_bin.137	0	1.8293954	3.8664863	0	0	0	0	0
Co_bin.138	1.8433295	2.6075408	0.7621545	0.43095636	0	0.38964555	0	0
Co_bin.139	0	0.12859789	1.0517823	0.15638359	0	7.1444063	0	0
Co_bin.142	0	1.3205153	4.873169	0	0	0	0	0
Co_bin.144	0.58388966	1.1881093	4.164278	0.5820722	1.4029053	22.480925	0.46587542	0
Co_bin.149	10.310652	8.391513	2.5447695	0.24703267	0	0.23849568	0	0
Co_bin.152	0	0	0.2889738	0	0.35038728	2.5562904	5.3937693	0
Co_bin.157	14.604855	3.2806358	1.987013	0	0	0.3866775	0	0
Co_bin.159	0	1.069128	0	0	1.5035505	7.823603	1.8808005	0.60074157
Co_bin.160	0	0	0.5883453	0	0.17860784	6.7539625	0.33537883	0
Co_bin.164	0	0	0	0	0	0.6866956	10.531582	0
Co_bin.168	0	0	0.5854922	0	1.6784921	0.35959545	0	11.039846
Co_bin.173	14.38278	2.7179	2.2263448	0.5230172	0.48187977	0.43704212	0	0
Co_bin.176	0	0	0	156.79037	0.79607755	0	0	0
Co_bin.179	4.8194437	353.5393	2.7127712	0	0.57564443	0.24231805	4.344873	2.4145367
Co_bin.181	0	0	0	0	0	0.2927409	4.9288974	8.040705
Co_bin.186	0.27432743	0	0.228409	0	8.435092	0	3.241304	0.96291834
Co_bin.190	0	2.2457476	3.7544446	0	0	0	0	0
Co_bin.193	0	0	0	0	0.5300548	0.44294313	5.9112444	0
Co_bin.194	0	0	0	0	0	27.123777	0	0
Co_bin.195	5.654855	0.455514	0	0	0	0	0	0
Co_bin.199	0.45864323	3.004976	7.2594924	0.5147634	0.28319764	0	0	0
Co_bin.202	1.5326082	2.4228096	3.8879979	5.3509493	2.3730023	4.4588213	1.048835	0.2569203
Co_bin.203	0.22244479	0.56180084	2.8947933	6.999181	1.0382814	17.188025	3.7021883	0.21471147
Co_bin.204	1.4255654	0.18823533	0	0.19772117	0.13646322	7.395255	0.17962436	0
Co_bin.205	0	0	0	0	1.079229	3.6688106	0.6944325	0
Co_bin.206	0	0.27275366	0	0	0.25317758	1.1227596	2.7584312	2.9552011
Co_bin.209	0	0.29006395	0.75014985	0	0.7475334	7.0102563	2.9230096	0.42041656
Co_bin.211	5.224957	2.0224936	0.5293817	0.3236998	0.44688106	0.5567695	0	0
Co_bin.215	19.070835	0.3184536	0	0	0	0	0	0
Co_bin.216	5.6183906	2.6040933	0	0	0	0	0	0
Co_bin.220	2.312875	0.5266984	0.86481595	0	0.7734653	1.2078336	0.7120636	0
Co_bin.225	13.149294	0.7767413	0.69684446	0	0	0	0	0
Co_bin.226	11.887679	1.37747	2.8492272	0.90094805	0	0	0	0
Co_bin.228	0	1.0178626	0	0	0.80960673	2.269912	3.9839535	0
Co_bin.229	0	0	0	0	0.19097829	5.147428	0.92015696	0.15046276
Co_bin.231	2.3661132	20.843493	0.17100596	0	0	0	0	0
Co_bin.232	0.1826972	0	13.582048	2.858916	1.198478	0	0	0
Co_bin.233	0.18512338	54.5773	10.341561	19.76778	2.4544432	0	0.29718304	0
Co_bin.234	0	0	0	0.77063626	4.5093145	1.621429	0	0
Co_bin.236	0	0	13.646321	0.39802793	0	0	0	0
Co_bin.240	1.5047061	2.1218605	2.0439203	0	0.24930926	8.497156	4.576138	0
Co_bin.241	0.5129769	1.7212458	36.88141	1.4791886	3.4680455	2.3608918	0.7403699	1.0988649
Co_bin.244	0.5280868	3.1723888	5.707215	2.0393944	2.2422976	8.288965	1.4584296	0.8402034
Co_bin.245	0.9455113	1.4141012	0.9458738	1.6773537	0.29336786	0.78707725	0	0
Co_bin.246	0	0	0	0	9.039015	0	0.1803568	0
Co_bin.250	0.22071786	0.8301119	2.403157	1.012139	5.7043447	3.3162475	4.6678276	1.4955591
Co_bin.251	0	0.6331652	8.6491165	0	0	4.4463058	4.410886	0
Co_bin.252	0.55949175	5.474801	11.157792	2.3287358	6.1026187	4.883427	1.1758043	0.921774
Co_bin.259	7.3867006	1.569413	1.9819518	0	0	0.77168804	0	0
Co_bin.260	0	0	19.246262	0	0	0	0	0
Co_bin.261	4.8833585	0.8404225	3.1778805	0.9783426	0.8093305	5.301444	0.8090913	0
Co_bin.264	20.096325	0	0	0	0	0	0	0
Co_bin.265	0	0.17559494	1.346305	0.8851341	0.5477872	10.109655	0.6970198	0
Co_bin.267	1.0594566	0.8294111	5.461596	0.26213837	0.16501252	0.12264493	0	0
Co_bin.268	0	0	0.42238218	0	0.51720726	8.326712	5.728957	1.0251411
Co_bin.272	13.559378	7.516085	21.871452	55.415882	7.6133294	2.013848	4.4266057	5.514171
Co_bin.273	0.27327514	1.523875	2.2562933	0.7643928	1.8667747	2.982152	1.7500103	0.25757962
Co_bin.274	2.5899918	1.4572941	0.62860805	0	0.27934343	0.30381197	0	0
Co_bin.275	1.1392375	0	0	0	3.0556302	5.818936	0.3773174	0
Co_bin.276	0.15857032	0	15.741985	0	0	0.16624017	0	0
Co_bin.281	0.24308638	0.9680139	2.5996418	0.69255805	0.83726966	1.3561627	0.5472897	0
Co_bin.282	0	0	0	1.0088001	0	0.41069287	0	9.940136
Co_bin.286	0	11.224776	0.46118605	0	0	0	0	0
Co_bin.287	0	0	4.2582407	0	1.051579	0	0	0
Co_bin.288	0	1.6291056	14.491644	0	0.8093097	0.37788144	0.2573474	0
Co_bin.289	0.21001443	0.40994316	8.929115	1.8617854	3.781567	0.2842538	0	0
Co_bin.295	0	0	0.14689487	0	0.6826597	11.097061	0.27174705	0
Co_bin.296	0.22429341	5.065464	3.5081773	10.877155	167.33488	6.8643246	1.0913796	0.95346206
Co_bin.297	11.10214	0.25090498	0.91598356	0	0.36164668	18.828257	0	0
Co_bin.299	0.80018777	1.8074496	2.871769	0.20125684	0	0.44542646	0	0
Co_bin.302	7.500957	0	0	0	0	0	0	0
Co_bin.305	0.7180726	8.353595	2.1793973	0.8649184	0.5932307	1.8381857	0.5943464	0.25844792
Co_bin.306	0	0.17718658	0.5606939	0	0.8401353	6.486867	5.0686593	3.2286232
Co_bin.308	0	2.6655812	2.67432	1.7691575	0.5291318	0.2169025	0	0
Co_bin.309	0	0	0.38399675	0.15569514	0.2563095	0	0	7.441067
Co_bin.310	0.4871773	14.504487	27.909576	0	0.95176256	0.4644534	0.36994708	0
Co_bin.311	0	0.53930604	0.1416725	0	4.7578697	0	0.3604993	0
Co_bin.312	0	0.6427018	0.35205293	0	0	0.874495	4.3187647	0
Co_bin.314	0	0	0.74078417	0.41342524	6.1078653	7.88013	1.1180581	0.9640501
Co_bin.315	1.9686773	1.8310455	3.4855225	0.24930097	0.29580134	0.21858649	0	0
Co_bin.317	6.6554747	0.413271	0.26590213	0	0.2873924	0.5163458	0	0
Co_bin.322	0.3256537	5.929394	3.2967172	0.35819897	3.7492573	4.138924	0	0
Co_bin.324	0.9595994	2.134787	6.5354795	0.7845879	2.7538533	7.725877	2.8208942	0.31038323
Co_bin.327	0	0.32743007	0.718992	0	10.690507	0.42349297	0	0.28168204
Co_bin.328	1.256991	1.8142093	9.070072	0.78155535	0.98201823	3.238508	0.3691622	0
Co_bin.334	0.38766652	3.1938803	4.7796235	0.29365948	0	0	0	0
Co_bin.335	0.19040222	0.4841942	5.478902	0	0.18631716	1.5109268	0	0
Co_bin.337	0.410337	0.9539758	3.9733167	1.4279945	16.818197	1.2932656	0.43258056	0.6168455
Co_bin.338	2.4161575	2.9661467	2.582695	1.327739	0.20667571	0.22485575	0	0
Co_bin.340	0.8241154	4.7341495	1.9155847	0	0	0	0	0
Co_bin.341	0.24731043	0.5059729	1.0102074	0.8730007	8.496808	0.5831098	0.30394655	0.6373398
Co_bin.343	0	2.0769205	2.13119	0	0.5369117	0.32707387	0.3157132	0
Co_bin.344	2.2526991	0.48245358	6.6896663	0	3.7774053	4.704104	1.6608849	0
Co_bin.347	51.667408	2.185236	0	0	0	0	0	0
Co_bin.351	0	0	0	0	1.7177144	3.4127517	3.4142716	0.67003167
Co_bin.354	0.3938991	0.36291078	3.6684754	1.5777831	0.8314729	3.6937945	0	0
Co_bin.355	0	0	0.26954436	0	0	0.15542287	5.5465384	0.5736661
Co_bin.356	2.5617266	4.8828588	0	0	0	0	0	0
Co_bin.357	0.5597179	0.44000936	0.6859647	0	0.8573232	2.715401	2.6783419	2.2256284
Co_bin.358	2.6390736	20.41102	9.374988	1.0036913	0.6834237	7.272244	0.65268874	0
Co_bin.359	15.348043	14.046813	1.2521478	0	0	0	0	0
Co_bin.361	0	3.404487	0	0	0.308366	1.1569226	2.9119165	0.1539389
Co_bin.364	0	6.840185	1.3991798	1.4000981	0.2748562	0.52688724	0.9338571	10.283855
Co_bin.365	3.4329793	2.2033765	1.2686826	0.276704	0	5.4373665	0	0
Co_bin.367	0	0.24006	0	0	0	8.439451	0	0
Co_bin.368	2.4941177	0	0	3.9693468	0	0	0	0
Co_bin.371	2.1739156	20.669443	1.060871	0	0	0	0	0
Co_bin.373	0	1.1411159	3.9810925	0.98931885	0	0	0	0
Co_bin.374	0	0.33237374	0.96968836	0.60504675	2.5972245	6.0486445	0.2743575	0
Co_bin.375	0	0	0	0	0.32130274	5.0784955	2.2925212	3.3632503
Co_bin.377	3.6186094	1.3369349	0.8723662	0.6071201	0	2.0938754	0.26203263	0
Co_bin.379	0.33129394	1.3232096	0.5336729	3.4731288	2.3792417	0.55115956	0.38555714	0.12095885
Co_bin.381	0	8.413697	6.932475	1.907851	4.859242	9.588823	2.8695934	8.495689
Co_bin.382	0.14040682	1.9616355	0	0.24496855	0.25662786	0	6.163378	0
Co_bin.384	0	0	0.9030737	0.27821794	1.404481	9.415156	0.49791616	0
Co_bin.385	0	0	0.45301712	0.35275793	0.92417914	7.3174934	2.4106493	0
Co_bin.386	0.30163285	0.21788736	0	0	0	5.9886465	2.1347797	0
Co_bin.388	0	0	0	2.530433	3.1753368	0	0	0.18749154
Co_bin.389	0.40476742	3.4188352	0.4195661	0.77992177	0	0.24369715	1.5434519	0
Co_bin.393	0.90801847	1.0533208	1.6769832	1.4256283	0.9427612	12.280894	2.057089	0
